<?xml version="1.0"?>
<globalAirPolution xmlns:xsi="http://www.23.org/2001/XMLSchema-instance">
	<city>
		<country_name>Russia</country_name>
		<aqi_value>20</aqi_value> 
		<city_name>Moscow</city_name> 
		<aqi_category>Good</aqi_category> 
		<co_aqi_value>30</co_aqi_value>
		<co_aqi_category>Good</co_aqi_category>
		<ozone_aqi_value>23</ozone_aqi_value>
		<ozone_aqi_category>Good</ozone_aqi_category>
		<no2_aqi_value>23</no2_aqi_value>
		<no2_aqi_category>Good</no2_aqi_category>
		<pm2half_aqi_value>65</pm2half_aqi_value> 
		<pm2half_aqi_category>Good</pm2half_aqi_category> 
	</city>
</globalAirPolution>


