<?xml version='1.0' encoding='UTF-8' ?>
<schemas xmlns='http://xml.netbeans.org/schema/JAXBWizConfig' destdir='build/generated-sources/jaxb' projectName='JAXB_StigKukec' version='1.0'>
	<schema type='-xmlschema' package='' name='GlobalAirPolution'>
		<xjc-options>
		</xjc-options>
		<schema-sources>
			<schema-source location='xml-resources/jaxb/GlobalAirPolution/GlobalAirPolution.xsd' origLocation='../GlobalAirPolution.xsd'/>
		</schema-sources>
		<bindings>
		</bindings>
		<catalog/>
	</schema>
</schemas>
